shift_east_m,shift_north_m,n_px,r,rmse
30,-60,713,0.8527571465047559,0.36065650946662015
45,-60,706,0.8506434638732869,0.3662300233597017
15,-60,717,0.8481235531570593,0.3563281745918315
30,-75,703,0.8468592474070502,0.3730710670429014
30,-45,706,0.8438310452122101,0.3499999704347106
15,-75,709,0.8437857416821752,0.3686014887094687
45,-45,700,0.8426898902595742,0.35469969253877237
45,-75,693,0.8405257185353674,0.3784692787270834
60,-60,698,0.8391707914365427,0.3738512429209872
15,-45,709,0.8379326243584951,0.3463209880966152
60,-45,700,0.8350482287746231,0.3619693770504986
0,-60,717,0.8345403600126966,0.3561452189164458
0,-75,712,0.8339970505774104,0.3685618419917795
60,-75,690,0.829687805258927,0.38697626621396536
15,-90,696,0.8296760127060681,0.3812529308747161
30,-90,686,0.8292254536782985,0.3841898684626291
0,-45,706,0.8236807397047727,0.3469644871729199
30,-30,698,0.8228561636525857,0.3445313874694284
45,-30,694,0.8215921463146837,0.34923546640478315
45,-90,679,0.819091831603056,0.3928195945879239
0,-90,699,0.8190386231616983,0.38054815789879565
60,-30,693,0.8168911113522634,0.3559303555080328
15,-30,699,0.816437823687282,0.3422627811021772
-15,-75,711,0.8157575298387841,0.3698379704944784
-15,-60,716,0.8145499033910382,0.35908079930668313
75,-60,691,0.8132478347327355,0.3865359066706043
75,-45,692,0.813216597056946,0.37564985571174025
60,-90,678,0.8076785968153583,0.4018760940515597
75,-75,685,0.8045925906766777,0.3989803802726586
-15,-45,702,0.8041353599800675,0.35071218143829064
0,-30,696,0.8015176457509064,0.34334645264159647
75,-30,692,0.8011656299368343,0.3674850052652717
-15,-90,699,0.8005883494226629,0.3815231515008005
15,-105,680,0.7983988896827249,0.3977956589577006
30,-105,674,0.7953776371729654,0.4049582232626171
0,-105,685,0.7920189299223853,0.3968350088864418
45,-15,681,0.790495959730618,0.35004330374390114
90,-45,685,0.7902906233696784,0.38561443218378066
-30,-75,706,0.789852362932512,0.3730100485470445
30,-15,684,0.7897985295904117,0.346621676588122
90,-60,681,0.7876038767253568,0.3963859017836547
60,-15,681,0.7872556696791899,0.3553200502810264
-30,-60,708,0.7869021204911202,0.3637993027199026
45,-105,667,0.7862301411984305,0.411715994528516
15,-15,686,0.7839329575453948,0.3448092734390239
75,-90,674,0.7836237993333978,0.4149294254808357
-15,-30,692,0.7822216620607441,0.34666314346931765
-30,-90,692,0.7792303638010855,0.3827015740624969
90,-75,674,0.7774435447360273,0.4098219499972038
-15,-105,685,0.7756411110713873,0.3974567451231614
-30,-45,694,0.7752307698020627,0.3557354513330119
75,-15,681,0.775088429370884,0.36599961442678697
90,-30,679,0.7750374099270957,0.37694063503326547
60,-105,663,0.7704734369289378,0.4194439577812018
0,-15,680,0.7699811256963675,0.34517534496161856
105,-45,681,0.7664317293797178,0.3964286949068036
-45,-75,699,0.7629843649808973,0.37874276105435056
105,-60,677,0.7626512076493663,0.4094955666996657
-45,-60,701,0.757671172247361,0.37050125660521877
90,-15,672,0.7558950314192024,0.37437617167213
-45,-90,693,0.7555274482562897,0.3897371412437285
-30,-105,680,0.7549519469595112,0.39910594748604966
105,-30,677,0.7538650855220821,0.3880230279760963
-30,-30,684,0.7533489683871628,0.3518122856698268
30,-120,661,0.7513401674454626,0.42523943936916053
-15,-15,678,0.7509503588527185,0.34780071346089253
15,-120,665,0.7509106779673307,0.4187140518831457
30,0,670,0.7497001023257076,0.35094267683098124
0,-120,672,0.7492107042087194,0.41813796409471393
90,-90,661,0.7491286576978966,0.4256234953539139
45,0,668,0.7487283083628794,0.35305711187269445
105,-75,668,0.7478161289037143,0.4209679034163627
60,0,665,0.74739895586333,0.3588900291846839
-45,-45,690,0.7449224225349128,0.36201300584722845
15,0,669,0.7446007506006929,0.3486940123308263
45,-120,654,0.742724812089658,0.4318140344185033
75,-105,653,0.7422420827105074,0.4326067941981016
-15,-120,673,0.7383581677523059,0.41653792630395414
120,-45,677,0.7368321770634857,0.41224192274719657
75,0,665,0.7366515725402515,0.3682332092331029
105,-15,668,0.7317503309862038,0.3842679414491469
-60,-75,696,0.7310685414493651,0.3855294897996207
-45,-105,677,0.7303157924898144,0.4033941564126198
0,0,666,0.7289377034016676,0.3489840650623463
120,-30,676,0.7281361639319803,0.40365849645908425
-60,-90,691,0.7251776477213051,0.3955531538162972
-60,-60,696,0.7250744803808091,0.3745307145501199
60,-120,651,0.7245975652849487,0.44130729036440236
-45,-30,678,0.7225183393300026,0.35902748082387886
120,-60,668,0.7218637240589454,0.4234753316969182
90,0,662,0.721160479300169,0.37394661918658684
-30,-15,672,0.7206472819827647,0.3531034564184888
105,-90,656,0.7190695260570804,0.4362841514687929
-30,-120,671,0.7165975271602386,0.41760715959151157
90,-105,649,0.7162268694333342,0.443635057230205
45,15,652,0.7137925975134183,0.35666995434486326
30,15,654,0.7118380735726788,0.355244445718938
120,-75,663,0.711793775527166,0.43478448230543065
-60,-45,685,0.7114101002456437,0.3697573975375338
-15,0,666,0.7107440011413086,0.35128453285166966
60,15,654,0.7093066656306153,0.3609130778873791
120,-15,664,0.7058336851653206,0.3996368665988812
15,15,655,0.7049722689131946,0.3522590868292276
105,0,658,0.7047089216124434,0.38374128715508865
-60,-105,680,0.7027749410782941,0.4084648760918878
75,15,652,0.6990719971254028,0.37033444979676383
75,-120,644,0.6965560269960244,0.45202835982443507
-45,-120,670,0.6938660331306052,0.4238013727536611
-75,-75,689,0.6931512315111299,0.3904393992314059
-45,-15,666,0.6910511946916945,0.3597621732212597
0,15,650,0.6901413425591795,0.35327336720426267
-60,-30,676,0.6893997547056324,0.36621794442132577
120,-90,654,0.6878417309445398,0.4523047824146472
-75,-90,681,0.6876757343819542,0.39938704662060664
90,15,647,0.6870701583621652,0.3754350077174417
105,-105,646,0.6866043269388227,0.453425088072531
-75,-60,689,0.6831952649487166,0.3826522548461722
-30,0,656,0.679445835664915,0.3575606540791604
120,0,653,0.6734637949247879,0.39774288616826164
-15,15,645,0.6723149293574298,0.35642651474116893
30,30,646,0.6707614146285544,0.3594520151414756
105,15,648,0.6707361497855099,0.3831653077157372
45,30,644,0.6687718350831094,0.36154444343163233
60,30,645,0.667751598581656,0.36564303158983097
90,-120,634,0.6675684230918215,0.46128783441744947
-75,-45,676,0.6666207634720092,0.37828784494322754
-60,-120,667,0.666412420534797,0.42686206127360427
-75,-105,672,0.6660392566411899,0.41497081257076207
15,30,643,0.6607896903947122,0.357757745849428
75,30,644,0.6603534120881895,0.37313556024053673
-60,-15,662,0.6595728138396817,0.3664273988013277
-90,-90,676,0.65607438191654,0.4086941619723444
-90,-75,684,0.6546187162292119,0.39998840532087704
120,15,647,0.6526038163118015,0.3959323633076078
120,-105,642,0.6506178541673899,0.4678374874167422
-45,0,647,0.6491669204619728,0.3639592502784739
0,30,639,0.6486165274223027,0.35838930339411507
90,30,639,0.6480793278914169,0.37827699445672797
-75,-30,668,0.6462912184894547,0.37389360807393396
-90,-60,682,0.644696001057517,0.3931119571637051
105,-120,631,0.6418208333397516,0.4706165065801867
-30,15,640,0.6414233891408084,0.3609589784404824
-90,-105,669,0.6386997098808002,0.4217424980569765
-75,-120,664,0.6324349124746674,0.43145610847868515
-15,30,635,0.6313230320030355,0.3605348641594918
105,30,639,0.6283564075934458,0.3855815942539061
-90,-45,669,0.6273085356207402,0.3861931631335639
45,45,630,0.6260793556330784,0.368781364115422
30,45,632,0.6249421236292217,0.36714661462479514
-60,0,649,0.6193712496091187,0.36944948949341155
60,45,631,0.6183210802239673,0.37323790494397363
-105,-90,673,0.6179227624977516,0.41801288382017826
-75,-15,655,0.6158256142185287,0.3740459500285601
120,30,639,0.6149851163808698,0.39696709632007965
-105,-75,677,0.6148887177676955,0.4097719493467688
15,45,629,0.6145959361719452,0.36608190922529016
75,45,633,0.6139521739021332,0.3798003593773866
-45,15,636,0.610319893372999,0.36667916113316223
-90,-30,661,0.6055316914914899,0.3843686876659864
-105,-60,672,0.6052624569487614,0.40054884328446416
-90,-120,662,0.6041107024294129,0.4382284608505131
90,45,626,0.6033794528021421,0.3835215252920964
0,45,623,0.6032747627884167,0.365417410469263
-30,30,629,0.6026379798421708,0.3644648822364897
-105,-105,664,0.6018248968277801,0.42935713094992145
120,-120,627,0.598640951485936,0.48474396404696973
-105,-45,663,0.5874216954327122,0.39579320133288914
105,45,627,0.587382826086664,0.3905595722660534
-15,45,621,0.5863329901824059,0.3668630365719793
-60,15,630,0.5836730073510086,0.3719676145104245
-105,-120,657,0.5804470229133792,0.4432591597693403
45,60,617,0.577315389283172,0.3750470673363583
30,60,614,0.5763777229403131,0.37478460184610846
-90,-15,651,0.5758625442940183,0.38362034206454665
-120,-90,669,0.5750121363108991,0.42513878592461085
-75,0,640,0.5743617192032363,0.37767648904729906
-45,30,623,0.5731819001707829,0.3700888316302092
60,60,614,0.5728528640863259,0.38051022537591944
-120,-75,670,0.5724322332050076,0.4154645963092416
120,45,625,0.5686373882866459,0.4012434931554056
15,60,612,0.5669993432377979,0.3730182462314644
75,60,616,0.5666520308028609,0.38615231862860605
-105,-30,657,0.5666323701083217,0.3936820767544159
-120,-60,669,0.5618880366387691,0.4093834866056827
90,60,616,0.5584187676125902,0.3884199917351359
-120,-105,659,0.5576687011364493,0.4359976066564955
-30,45,616,0.5575352727549535,0.37015004350776637
0,60,609,0.55535348448544,0.3719790054848685
-120,-120,657,0.5453879289645553,0.4488433316801247
-60,30,620,0.5440238292425637,0.3750347370929934
105,60,612,0.5436841151414213,0.3962857444957005
-120,-45,656,0.54010531032673,0.40539894793472936
-105,-15,644,0.5400556955884003,0.3928025263213624
-15,60,609,0.5383839072854685,0.37325841398623444
-75,15,623,0.5378371239703595,0.37967560293907643
-90,0,634,0.5364846026104892,0.38744682919621826
45,75,598,0.5326365472596968,0.3815600538892942
30,75,598,0.5310433028866491,0.38114457658126794
-45,45,610,0.5298835340935139,0.37536953772552367
60,75,603,0.527457261091109,0.38594745396013624
120,60,611,0.5232362607318113,0.4060138993911443
-120,-30,651,0.5230121643854447,0.40321388185887325
15,75,598,0.5200149890057676,0.3798645442167466
75,75,602,0.5180722430092244,0.3930461017990591
90,75,599,0.5138776715886938,0.39508022060443826
-30,60,600,0.5089655348647374,0.3774035717591352
0,75,592,0.5056441070481608,0.37937952986462953
-60,45,606,0.5038242877101533,0.37897802356872007
-105,0,628,0.5014280170875207,0.39535817776069104
105,75,600,0.5007335491254723,0.40031417551593573
-75,30,615,0.4992822711307643,0.38173417356434103
-90,15,618,0.49878694240888305,0.38941832463854203
-120,-15,639,0.4970378861854389,0.4016246674257175
-15,75,588,0.4917788869683867,0.3807773064487523
30,90,591,0.49124676755857827,0.38640080390588105
60,90,592,0.48807349159428043,0.3912657820797926
45,90,589,0.4869431665313559,0.3870120992632642
120,75,601,0.48643970161981803,0.40989828277378676
-45,60,591,0.4827725115771531,0.38141517675644415
75,90,593,0.4787482476876904,0.3974915581882286
15,90,586,0.4780360990783919,0.38544635890994533
90,90,592,0.47350921729092976,0.3996891787806284
-105,15,612,0.46568167944682665,0.39697129117113594
-30,75,583,0.46403253303164566,0.3834707205178621
-120,0,626,0.4634301986942769,0.40430533217583436
0,90,582,0.4619410551246292,0.38526842020501567
-90,30,607,0.46121010305067134,0.3913488798655712
-75,45,601,0.4610954683469529,0.385024988613033
-60,60,592,0.45552556197076277,0.38484001662343875
105,90,591,0.45359446145666066,0.40511066652412353
-15,90,578,0.4461305179437372,0.38635854907127604
45,105,575,0.4450778939241973,0.39521368980964244
120,90,592,0.44484889349984685,0.4134557633567842
60,105,578,0.44140266116836063,0.39953582803452553
30,105,575,0.4412903669581332,0.3949962148028684
-45,75,579,0.4399506682074753,0.38595928214869296
75,105,581,0.43225568015489296,0.40542842477625674
-105,30,602,0.428690318712917,0.3983851155673232
15,105,573,0.4283164839672886,0.3945470861348514
90,105,578,0.4265968600809744,0.4070559573116185
-120,15,608,0.4235681549701433,0.4054275792329504
-30,90,573,0.42306055574853213,0.38826171087767936
-90,45,595,0.4194135794395756,0.3951041013712883
0,105,566,0.4160227126258758,0.39304386094141297
-60,75,573,0.4129201572782233,0.3897621019636127
105,105,579,0.4117409432966846,0.4117436333785254
-75,60,586,0.41088790189292473,0.3920241447153136
45,120,562,0.4007986383663522,0.40100716551996335
30,120,558,0.39868815000124724,0.40179381086304755
-45,90,566,0.39840933520160704,0.39093557794726114
-15,105,564,0.39830886439730395,0.3939016631975033
-120,30,597,0.39448756937871654,0.4068132940460744
60,120,560,0.39418035572578886,0.4059918939088957
120,105,577,0.39325736019729096,0.42023497762399675
75,120,563,0.3897943358283358,0.41167784389095996
-105,45,589,0.3895778430822365,0.4019235170135536
90,120,566,0.3884958838476394,0.4120933375441524
15,120,556,0.38570558552661854,0.4006848178791758
-30,105,560,0.37501276847131937,0.3946988443879941
105,120,565,0.37418969177835654,0.4174934372183287
-60,90,564,0.37045867572714164,0.39466978155405247
0,120,552,0.3701831271677049,0.39971436683346495
-90,60,578,0.36916350386363306,0.4023082757216017
-75,75,566,0.36488302586330024,0.39732690749789246
-120,45,585,0.3577413512944833,0.40872976124028254
120,120,564,0.35651184570224176,0.4249028235705324
-45,105,555,0.35164079309654217,0.39793159037763043
-15,120,551,0.35077338515798384,0.400828555337909
-105,60,572,0.3379458918178433,0.4083299363422826
-90,75,561,0.3271263404623176,0.40617036029165887
-60,105,550,0.3267478734086842,0.4013091250518605
-75,90,559,0.32667399749693027,0.4012806489780442
-30,120,544,0.3179821956836461,0.40494731299485354
-120,60,571,0.311604938279941,0.41441596079107396
-105,75,557,0.2962578610401577,0.41222030524400494
-45,120,535,0.29507451549580105,0.4072077260946734
-90,90,552,0.28894766148435225,0.40948117793659433
-75,105,546,0.28883864733520337,0.40744895914986334
-60,120,536,0.26995397441096247,0.4103882679403358
-120,75,553,0.2684517021323456,0.4178430030965787
-105,90,547,0.25696704004669263,0.41591457232854906
-90,105,539,0.2510389136466571,0.415346426076879
-120,90,541,0.23343535824651537,0.4217901358533593
-75,120,530,0.2288852215805325,0.4170078764254116
-105,105,534,0.22328034614842135,0.4211932165165931
-120,105,530,0.20094802533632286,0.4255491220142402
-90,120,522,0.19676287006239243,0.4244686704767188
-105,120,517,0.17231055381598875,0.4287161387996841
-120,120,515,0.1549241018745197,0.4322409475330006
