kind,pid,cls,stratum,ndvi_s2,second_review,cls_corrected,corrected
point,1,low_veg,C_low_ndvi_0.1_0.3,0.27,1,low_veg,0
point,2,dense_tree,D_water_bare_ndvi_le0.1,-0.92,0,water_bare,1
point,3,dense_tree,A_dense_ndvi_gt0.6,0.73,0,dense_tree,0
point,4,dense_tree,A_dense_ndvi_gt0.6,0.63,0,dense_tree,0
point,5,dense_tree,B_mid_ndvi_0.3_0.6,0.59,1,dense_tree,0
point,6,dense_tree,B_mid_ndvi_0.3_0.6,0.52,1,dense_tree,0
point,7,dense_tree,A_dense_ndvi_gt0.6,0.87,0,dense_tree,0
point,8,dense_tree,A_dense_ndvi_gt0.6,0.65,0,dense_tree,0
point,9,dense_tree,A_dense_ndvi_gt0.6,0.64,0,dense_tree,0
point,10,dense_tree,B_mid_ndvi_0.3_0.6,0.41,1,dense_tree,0
point,11,dense_tree,A_dense_ndvi_gt0.6,0.67,0,dense_tree,0
point,12,low_veg,C_low_ndvi_0.1_0.3,0.14,0,low_veg,0
point,13,low_veg,B_mid_ndvi_0.3_0.6,0.41,0,low_veg,0
point,14,dense_tree,A_dense_ndvi_gt0.6,0.6,0,dense_tree,0
point,15,dense_tree,A_dense_ndvi_gt0.6,0.66,1,dense_tree,0
point,16,dense_tree,A_dense_ndvi_gt0.6,0.67,1,dense_tree,0
point,17,dense_tree,B_mid_ndvi_0.3_0.6,0.43,0,dense_tree,0
point,18,dense_tree,D_water_bare_ndvi_le0.1,-0.93,0,water_bare,1
point,19,low_veg,C_low_ndvi_0.1_0.3,0.15,0,low_veg,0
point,20,water_bare,B_mid_ndvi_0.3_0.6,0.55,0,water_bare,0
point,21,low_veg,B_mid_ndvi_0.3_0.6,0.44,0,low_veg,0
point,22,low_veg,C_low_ndvi_0.1_0.3,0.12,0,low_veg,0
point,23,low_veg,C_low_ndvi_0.1_0.3,0.11,0,low_veg,0
point,24,low_veg,B_mid_ndvi_0.3_0.6,0.43,1,low_veg,0
point,25,dense_tree,B_mid_ndvi_0.3_0.6,0.45,0,dense_tree,0
point,26,dense_tree,D_water_bare_ndvi_le0.1,0.02,0,water_bare,1
point,27,dense_tree,A_dense_ndvi_gt0.6,0.62,0,dense_tree,0
point,28,dense_tree,A_dense_ndvi_gt0.6,0.61,1,dense_tree,0
point,29,dense_tree,D_water_bare_ndvi_le0.1,-0.61,0,water_bare,1
point,30,dense_tree,A_dense_ndvi_gt0.6,0.61,0,dense_tree,0
point,31,dense_tree,B_mid_ndvi_0.3_0.6,0.47,0,dense_tree,0
point,32,dense_tree,A_dense_ndvi_gt0.6,0.64,1,dense_tree,0
point,33,dense_tree,B_mid_ndvi_0.3_0.6,0.55,0,dense_tree,0
point,34,dense_tree,B_mid_ndvi_0.3_0.6,0.4,0,dense_tree,0
point,35,dense_tree,D_water_bare_ndvi_le0.1,-0.35,0,water_bare,1
point,36,low_veg,D_water_bare_ndvi_le0.1,0.08,0,low_veg,0
point,37,dense_tree,A_dense_ndvi_gt0.6,0.68,0,dense_tree,0
point,38,low_veg,C_low_ndvi_0.1_0.3,0.19,0,low_veg,0
point,39,water_bare,D_water_bare_ndvi_le0.1,-0.04,0,water_bare,0
point,40,water_bare,D_water_bare_ndvi_le0.1,-0.7,0,water_bare,0
point,41,water_bare,B_mid_ndvi_0.3_0.6,0.52,0,water_bare,0
point,42,water_bare,C_low_ndvi_0.1_0.3,0.14,0,water_bare,0
point,43,water_bare,A_dense_ndvi_gt0.6,0.61,0,water_bare,0
point,44,water_bare,C_low_ndvi_0.1_0.3,0.16,0,water_bare,0
point,45,water_bare,B_mid_ndvi_0.3_0.6,0.58,0,water_bare,0
point,46,dense_tree,D_water_bare_ndvi_le0.1,-0.87,0,water_bare,1
point,47,water_bare,D_water_bare_ndvi_le0.1,0.06,0,water_bare,0
point,48,water_bare,C_low_ndvi_0.1_0.3,0.1,0,water_bare,0
point,49,water_bare,D_water_bare_ndvi_le0.1,-0.35,0,water_bare,0
point,50,dense_tree,D_water_bare_ndvi_le0.1,-0.99,0,water_bare,1
point,51,dense_tree,A_dense_ndvi_gt0.6,0.61,0,dense_tree,0
point,52,low_veg,C_low_ndvi_0.1_0.3,0.22,1,low_veg,0
point,53,dense_tree,D_water_bare_ndvi_le0.1,-0.67,0,water_bare,1
point,54,water_bare,C_low_ndvi_0.1_0.3,0.11,0,water_bare,0
point,55,dense_tree,A_dense_ndvi_gt0.6,0.76,1,dense_tree,0
point,56,dense_tree,D_water_bare_ndvi_le0.1,-0.87,0,water_bare,1
point,57,dense_tree,A_dense_ndvi_gt0.6,0.61,1,dense_tree,0
point,58,dense_tree,D_water_bare_ndvi_le0.1,-0.42,0,water_bare,1
point,59,dense_tree,D_water_bare_ndvi_le0.1,-0.48,0,water_bare,1
point,60,dense_tree,D_water_bare_ndvi_le0.1,-0.76,0,water_bare,1
point,61,water_bare,C_low_ndvi_0.1_0.3,0.2,0,water_bare,0
point,62,low_veg,B_mid_ndvi_0.3_0.6,0.35,0,low_veg,0
point,63,water_bare,A_dense_ndvi_gt0.6,0.66,0,water_bare,0
point,64,low_veg,A_dense_ndvi_gt0.6,0.76,0,low_veg,0
point,65,water_bare,B_mid_ndvi_0.3_0.6,0.37,0,water_bare,0
point,66,water_bare,C_low_ndvi_0.1_0.3,0.18,0,water_bare,0
point,67,dense_tree,A_dense_ndvi_gt0.6,0.66,1,dense_tree,0
point,68,low_veg,A_dense_ndvi_gt0.6,0.6,0,low_veg,0
point,69,water_bare,C_low_ndvi_0.1_0.3,0.25,0,water_bare,0
point,70,water_bare,C_low_ndvi_0.1_0.3,0.1,0,water_bare,0
point,71,dense_tree,A_dense_ndvi_gt0.6,0.66,0,dense_tree,0
point,72,dense_tree,B_mid_ndvi_0.3_0.6,0.36,1,dense_tree,0
point,73,dense_tree,A_dense_ndvi_gt0.6,0.63,1,dense_tree,0
point,74,water_bare,D_water_bare_ndvi_le0.1,0.07,0,water_bare,0
point,75,water_bare,B_mid_ndvi_0.3_0.6,0.41,0,water_bare,0
point,76,dense_tree,D_water_bare_ndvi_le0.1,-0.88,0,water_bare,1
point,77,dense_tree,B_mid_ndvi_0.3_0.6,0.51,0,dense_tree,0
point,78,dense_tree,D_water_bare_ndvi_le0.1,-0.02,1,water_bare,1
point,79,dense_tree,A_dense_ndvi_gt0.6,0.63,0,dense_tree,0
point,80,dense_tree,B_mid_ndvi_0.3_0.6,0.59,0,dense_tree,0
