kind,id,label
patch,1,other_veg
patch,2,mangrove
patch,3,mangrove
patch,4,mangrove
patch,5,mangrove
patch,6,other_veg
patch,7,mangrove
patch,8,other_veg
patch,9,mangrove
patch,10,mangrove
patch,11,mangrove
patch,12,mangrove
patch,13,unsure
point,1,low_veg
point,2,dense_tree
point,3,dense_tree
point,4,dense_tree
point,5,dense_tree
point,6,dense_tree
point,7,dense_tree
point,8,dense_tree
point,9,dense_tree
point,10,dense_tree
point,11,dense_tree
point,12,low_veg
point,13,low_veg
point,14,dense_tree
point,15,dense_tree
point,16,dense_tree
point,17,dense_tree
point,18,dense_tree
point,19,low_veg
point,20,water_bare
point,21,low_veg
point,22,low_veg
point,23,low_veg
point,24,low_veg
point,25,dense_tree
point,26,dense_tree
point,27,dense_tree
point,28,dense_tree
point,29,dense_tree
point,30,dense_tree
point,31,dense_tree
point,32,dense_tree
point,33,dense_tree
point,34,dense_tree
point,35,dense_tree
point,36,low_veg
point,37,dense_tree
point,38,low_veg
point,39,water_bare
point,40,water_bare
point,41,water_bare
point,42,water_bare
point,43,water_bare
point,44,water_bare
point,45,water_bare
point,46,dense_tree
point,47,water_bare
point,48,water_bare
point,49,water_bare
point,50,dense_tree
point,51,dense_tree
point,52,low_veg
point,53,dense_tree
point,54,water_bare
point,55,dense_tree
point,56,dense_tree
point,57,dense_tree
point,58,dense_tree
point,59,dense_tree
point,60,dense_tree
point,61,water_bare
point,62,low_veg
point,63,water_bare
point,64,low_veg
point,65,water_bare
point,66,water_bare
point,67,dense_tree
point,68,low_veg
point,69,water_bare
point,70,water_bare
point,71,dense_tree
point,72,dense_tree
point,73,dense_tree
point,74,water_bare
point,75,water_bare
point,76,dense_tree
point,77,dense_tree
point,78,dense_tree
point,79,dense_tree
point,80,dense_tree